problem_name,best_fitness,best_sequence
g_10,1497.6636482252907,[7, 9, 5, 4, 6, 1, 3, 2, 8, 0]
g_100,4777.914096352936,[16, 90, 65, 39, 98, 96, 76, 81, 30, 97, 64, 42, 10, 48, 31, 72, 18, 56, 70, 58, 2, 11, 60, 57, 41, 14, 0, 33, 54, 67, 32, 37, 5, 49, 7, 99, 27, 20, 74, 71, 47, 63, 93, 55, 75, 34, 4, 46, 36, 92, 43, 87, 86, 88, 78, 8, 1, 69, 22, 52, 68, 83, 89, 85, 77, 6, 12, 91, 15, 50, 24, 40, 19, 80, 25, 26, 13, 62, 29, 9, 59, 82, 23, 61, 95, 38, 35, 17, 44, 94, 79, 45, 73, 66, 84, 3, 51, 28, 21, 53]
g_1000,15516.47342039829,[889, 231, 916, 790, 10, 5, 592, 113, 225, 586, 396, 690, 688, 84, 448, 983, 42, 778, 488, 8, 283, 327, 232, 481, 755, 681, 520, 969, 239, 841, 668, 147, 535, 761, 333, 811, 193, 433, 774, 865, 380, 446, 197, 877, 845, 524, 169, 393, 895, 261, 547, 934, 525, 34, 655, 128, 7, 263, 58, 816, 468, 1, 347, 13, 325, 725, 74, 243, 266, 267, 985, 745, 217, 294, 925, 729, 301, 517, 948, 512, 711, 412, 922, 798, 131, 472, 728, 260, 868, 612, 236, 610, 554, 842, 148, 135, 23, 383, 166, 555, 253, 992, 825, 559, 201, 591, 814, 115, 323, 748, 812, 945, 551, 85, 731, 765, 26, 756, 974, 237, 527, 585, 549, 628, 395, 22, 449, 31, 601, 276, 626, 384, 906, 552, 651, 687, 496, 836, 796, 926, 143, 43, 785, 759, 51, 136, 500, 206, 810, 809, 638, 783, 242, 567, 66, 418, 47, 109, 844, 460, 801, 419, 29, 999, 940, 997, 704, 168, 880, 60, 998, 149, 557, 975, 93, 605, 317, 910, 736, 747, 960, 407, 556, 738, 693, 966, 797, 553, 309, 337, 621, 485, 466, 21, 482, 59, 350, 382, 16, 202, 956, 495, 97, 898, 918, 330, 275, 993, 90, 434, 604, 913, 588, 464, 96, 474, 579, 121, 989, 65, 442, 883, 120, 339, 176, 678, 215, 726, 310, 484, 112, 62, 189, 211, 400, 497, 114, 295, 561, 183, 320, 25, 139, 888, 227, 563, 529, 501, 830, 833, 210, 578, 719, 663, 859, 158, 69, 203, 373, 858, 471, 569, 647, 167, 208, 219, 946, 644, 575, 190, 724, 447, 281, 282, 220, 817, 691, 917, 54, 353, 777, 938, 849, 11, 629, 871, 141, 82, 130, 686, 573, 965, 754, 828, 397, 126, 532, 329, 694, 37, 862, 508, 444, 695, 41, 315, 984, 521, 781, 908, 452, 509, 306, 903, 732, 784, 927, 708, 274, 6, 650, 204, 106, 257, 86, 821, 652, 159, 614, 831, 20, 321, 962, 56, 594, 832, 599, 571, 603, 937, 850, 921, 456, 635, 847, 803, 486, 721, 83, 511, 64, 188, 504, 259, 249, 909, 885, 270, 515, 758, 857, 307, 366, 600, 514, 875, 277, 234, 679, 181, 240, 519, 421, 99, 180, 802, 205, 212, 187, 411, 342, 587, 548, 14, 399, 855, 996, 538, 990, 627, 125, 424, 369, 727, 751, 712, 676, 162, 677, 228, 664, 590, 933, 611, 792, 941, 967, 523, 450, 363, 645, 24, 117, 415, 138, 40, 409, 161, 163, 430, 336, 70, 964, 560, 994, 316, 173, 953, 454, 869, 494, 733, 88, 787, 111, 388, 673, 530, 943, 931, 432, 640, 766, 891, 683, 443, 680, 374, 879, 709, 129, 68, 170, 196, 247, 824, 89, 436, 241, 502, 742, 923, 9, 949, 939, 613, 81, 815, 823, 503, 602, 28, 637, 767, 467, 665, 441, 38, 746, 107, 152, 378, 863, 986, 713, 854, 226, 438, 672, 675, 856, 345, 213, 398, 182, 251, 406, 788, 335, 349, 72, 757, 598, 458, 299, 420, 153, 942, 734, 371, 410, 874, 641, 209, 287, 980, 144, 671, 669, 991, 332, 892, 493, 703, 988, 533, 359, 100, 981, 510, 480, 49, 958, 245, 827, 995, 718, 666, 763, 623, 334, 256, 976, 479, 867, 79, 643, 104, 87, 473, 800, 782, 887, 285, 780, 843, 920, 101, 893, 370, 296, 392, 723, 123, 932, 580, 221, 771, 936, 233, 408, 222, 540, 744, 715, 80, 426, 305, 262, 589, 264, 753, 805, 165, 793, 288, 795, 583, 545, 646, 223, 775, 156, 929, 789, 700, 311, 297, 838, 634, 362, 160, 46, 714, 639, 822, 717, 702, 405, 900, 625, 118, 95, 416, 944, 516, 492, 351, 477, 78, 224, 649, 531, 576, 915, 218, 431, 735, 30, 154, 207, 453, 710, 864, 92, 303, 344, 873, 876, 27, 361, 878, 722, 684, 402, 52, 157, 951, 379, 950, 77, 768, 773, 483, 134, 760, 667, 248, 50, 642, 912, 229, 987, 776, 356, 244, 786, 319, 33, 122, 357, 278, 577, 174, 607, 518, 235, 313, 884, 506, 272, 116, 685, 608, 365, 618, 199, 387, 279, 829, 819, 615, 343, 740, 15, 595, 658, 302, 835, 596, 818, 2, 53, 846, 606, 291, 360, 536, 132, 698, 108, 368, 749, 919, 820, 584, 413, 91, 289, 959, 348, 171, 804, 633, 544, 968, 870, 76, 839, 469, 670, 404, 808, 539, 293, 462, 195, 631, 507, 376, 75, 459, 429, 186, 762, 881, 853, 593, 71, 390, 834, 250, 890, 427, 192, 597, 340, 697, 45, 252, 616, 439, 140, 440, 194, 389, 562, 258, 465, 894, 17, 617, 699, 770, 105, 619, 657, 541, 961, 750, 624, 632, 401, 528, 328, 286, 422, 385, 338, 972, 904, 164, 558, 705, 682, 954, 151, 566, 150, 620, 487, 478, 4, 896, 882, 67, 98, 268, 971, 324, 346, 897, 851, 457, 280, 326, 861, 982, 414, 741, 475, 568, 372, 142, 659, 840, 110, 435, 73, 300, 428, 522, 273, 662, 124, 102, 930, 214, 341, 852, 701, 542, 902, 799, 304, 463, 476, 660, 461, 39, 977, 178, 198, 656, 94, 246, 696, 807, 355, 364, 872, 55, 707, 417, 177, 973, 622, 18, 970, 739, 860, 905, 957, 489, 565, 955, 19, 513, 386, 238, 137, 813, 537, 185, 12, 978, 377, 791, 609, 425, 36, 312, 391, 752, 636, 57, 155, 269, 570, 928, 491, 48, 654, 145, 32, 172, 692, 292, 720, 375, 886, 284, 445, 394, 3, 200, 772, 44, 0, 866, 331, 546, 716, 352, 470, 674, 437, 119, 543, 127, 779, 581, 358, 689, 952, 837, 848, 499, 322, 230, 737, 653, 582, 706, 175, 794, 764, 179, 254, 455, 963, 826, 354, 63, 265, 381, 550, 423, 534, 935, 191, 271, 564, 661, 367, 648, 574, 914, 308, 630, 216, 103, 730, 490, 979, 769, 505, 290, 947, 901, 743, 146, 451, 899, 61, 498, 572, 184, 298, 907, 924, 806, 314, 911, 35, 133, 526, 255, 403, 318]
g_20,1756.7636359438668,[1, 12, 7, 9, 2, 17, 4, 10, 18, 5, 0, 11, 13, 6, 8, 3, 15, 19, 14, 16]
g_200,7207.2044385902545,[193, 172, 128, 106, 66, 112, 125, 71, 140, 86, 59, 144, 117, 124, 181, 76, 67, 186, 116, 199, 173, 48, 107, 85, 123, 126, 184, 18, 93, 68, 31, 103, 54, 5, 21, 148, 160, 154, 167, 98, 115, 197, 62, 42, 100, 97, 51, 40, 171, 41, 57, 74, 131, 56, 77, 132, 10, 52, 17, 176, 156, 146, 143, 1, 111, 78, 53, 155, 133, 170, 142, 102, 7, 27, 165, 64, 19, 33, 110, 81, 88, 122, 34, 3, 114, 65, 152, 12, 84, 108, 192, 164, 195, 180, 61, 129, 159, 191, 109, 0, 60, 183, 8, 169, 37, 137, 16, 153, 83, 55, 162, 45, 35, 49, 94, 127, 75, 134, 179, 14, 163, 23, 96, 135, 95, 177, 4, 32, 70, 149, 58, 105, 15, 72, 120, 187, 168, 87, 121, 39, 13, 130, 104, 196, 82, 157, 80, 101, 22, 158, 147, 190, 91, 69, 29, 118, 47, 50, 2, 151, 92, 175, 119, 9, 38, 43, 150, 174, 26, 28, 20, 198, 90, 188, 79, 63, 36, 113, 161, 189, 44, 141, 89, 182, 145, 166, 25, 73, 194, 30, 11, 46, 6, 139, 136, 185, 24, 178, 138, 99]
g_50,2856.467762372649,[20, 31, 4, 2, 9, 19, 24, 42, 32, 29, 11, 3, 10, 22, 43, 34, 7, 6, 44, 45, 23, 30, 40, 48, 8, 38, 49, 17, 26, 39, 37, 21, 33, 36, 1, 41, 12, 28, 15, 13, 35, 16, 5, 27, 0, 25, 14, 47, 46, 18]
g_500,11798.286310731135,[284, 144, 148, 489, 432, 162, 226, 137, 390, 101, 299, 200, 253, 333, 495, 56, 352, 108, 0, 456, 312, 244, 145, 190, 177, 44, 165, 123, 477, 55, 374, 222, 78, 472, 365, 53, 28, 38, 79, 39, 377, 286, 194, 99, 64, 134, 186, 17, 150, 40, 310, 431, 75, 70, 43, 297, 111, 71, 105, 198, 63, 233, 476, 160, 415, 127, 104, 4, 469, 385, 267, 423, 384, 290, 209, 441, 411, 86, 372, 188, 459, 231, 450, 20, 189, 174, 72, 109, 8, 353, 397, 349, 281, 247, 361, 260, 171, 482, 155, 12, 313, 80, 96, 169, 159, 291, 197, 273, 421, 376, 463, 223, 106, 193, 499, 404, 400, 264, 10, 420, 355, 212, 444, 269, 42, 336, 128, 427, 473, 413, 88, 461, 325, 213, 179, 367, 475, 322, 452, 326, 243, 32, 89, 125, 151, 343, 23, 496, 375, 422, 292, 149, 331, 391, 103, 485, 175, 478, 50, 327, 321, 337, 254, 246, 201, 425, 363, 126, 238, 308, 13, 300, 52, 205, 18, 232, 279, 81, 259, 407, 311, 370, 107, 409, 58, 368, 54, 9, 378, 156, 19, 92, 282, 240, 15, 237, 309, 76, 317, 392, 229, 434, 442, 245, 389, 399, 11, 216, 16, 289, 465, 6, 130, 5, 67, 386, 146, 132, 168, 288, 342, 457, 68, 261, 29, 483, 373, 191, 45, 180, 302, 455, 176, 90, 380, 438, 328, 163, 154, 225, 22, 210, 265, 57, 228, 396, 323, 464, 51, 83, 280, 34, 263, 448, 118, 251, 138, 394, 7, 405, 319, 33, 124, 364, 451, 220, 338, 140, 493, 271, 136, 131, 357, 139, 73, 486, 167, 430, 217, 110, 93, 102, 435, 301, 115, 287, 120, 307, 27, 95, 61, 21, 235, 3, 116, 36, 65, 454, 403, 315, 94, 277, 172, 274, 202, 199, 458, 416, 446, 314, 184, 2, 187, 24, 84, 31, 398, 117, 153, 320, 480, 170, 283, 466, 161, 447, 158, 498, 285, 350, 129, 395, 383, 393, 418, 85, 351, 230, 339, 133, 412, 214, 347, 474, 443, 35, 114, 433, 25, 112, 219, 239, 387, 256, 87, 59, 48, 262, 47, 360, 196, 49, 250, 46, 141, 492, 382, 318, 324, 445, 69, 206, 181, 60, 296, 484, 437, 113, 414, 401, 77, 185, 257, 369, 26, 62, 98, 481, 340, 248, 249, 305, 379, 330, 268, 346, 82, 204, 252, 388, 100, 440, 471, 354, 497, 371, 218, 348, 381, 164, 453, 293, 294, 152, 157, 41, 419, 173, 242, 258, 234, 266, 303, 183, 306, 436, 479, 255, 211, 494, 356, 358, 460, 329, 410, 227, 406, 66, 192, 30, 276, 490, 221, 426, 417, 143, 467, 316, 122, 344, 203, 121, 14, 215, 182, 74, 428, 449, 135, 408, 224, 142, 402, 295, 208, 491, 439, 332, 304, 166, 97, 37, 91, 207, 236, 334, 270, 345, 195, 424, 470, 462, 275, 366, 359, 429, 468, 298, 341, 488, 272, 147, 119, 335, 362, 278, 1, 178, 241, 487]
r1_10,184.27344079993895,[9, 7, 1, 8, 0, 4, 5, 3, 6, 2]
r1_100,792.929418764034,[51, 38, 49, 16, 98, 54, 32, 72, 31, 9, 63, 33, 39, 66, 3, 6, 67, 59, 61, 92, 76, 1, 0, 44, 89, 88, 15, 68, 10, 30, 86, 40, 60, 37, 91, 82, 97, 42, 18, 27, 7, 21, 34, 62, 28, 11, 50, 81, 35, 8, 52, 29, 99, 73, 2, 79, 96, 14, 64, 56, 70, 78, 25, 65, 55, 77, 20, 83, 87, 46, 26, 69, 93, 74, 95, 47, 23, 19, 45, 90, 48, 24, 57, 84, 17, 43, 41, 75, 13, 71, 85, 53, 5, 36, 58, 12, 4, 22, 80, 94]
r1_1000,2802.2363499912963,[120, 49, 129, 960, 365, 673, 124, 542, 773, 236, 655, 792, 818, 172, 225, 493, 628, 766, 231, 220, 933, 762, 425, 310, 836, 658, 537, 838, 141, 800, 65, 642, 866, 21, 235, 725, 517, 44, 895, 735, 693, 437, 900, 740, 161, 51, 874, 394, 843, 951, 623, 548, 643, 469, 255, 399, 539, 317, 133, 351, 355, 897, 856, 584, 834, 412, 857, 278, 379, 334, 731, 586, 565, 23, 555, 380, 749, 859, 465, 306, 934, 100, 629, 668, 450, 743, 137, 672, 200, 10, 387, 663, 263, 418, 34, 196, 250, 287, 157, 526, 477, 333, 466, 168, 432, 941, 483, 201, 798, 90, 824, 659, 578, 256, 218, 696, 522, 965, 427, 303, 472, 98, 272, 295, 428, 577, 953, 488, 11, 730, 241, 592, 219, 779, 456, 734, 911, 489, 945, 931, 737, 376, 117, 331, 109, 454, 293, 881, 648, 964, 545, 270, 990, 343, 496, 519, 299, 841, 458, 444, 901, 927, 77, 702, 79, 558, 884, 701, 347, 566, 285, 97, 860, 802, 461, 298, 848, 985, 9, 540, 498, 686, 538, 966, 307, 560, 46, 446, 40, 127, 738, 529, 863, 240, 574, 217, 198, 695, 215, 422, 704, 770, 304, 556, 869, 414, 429, 57, 788, 568, 386, 492, 160, 209, 336, 908, 870, 436, 916, 751, 89, 636, 182, 144, 311, 817, 605, 248, 562, 630, 75, 35, 814, 862, 494, 246, 24, 783, 153, 694, 786, 955, 994, 203, 277, 226, 424, 997, 147, 760, 449, 12, 423, 54, 745, 552, 992, 877, 354, 507, 325, 676, 361, 31, 415, 207, 87, 506, 264, 142, 717, 892, 553, 813, 403, 165, 646, 754, 511, 205, 36, 82, 284, 88, 875, 416, 832, 185, 957, 726, 485, 692, 710, 134, 656, 973, 612, 208, 803, 505, 839, 961, 128, 589, 99, 402, 170, 276, 289, 594, 899, 212, 833, 30, 271, 601, 590, 998, 195, 781, 193, 105, 216, 371, 647, 158, 360, 393, 143, 644, 516, 707, 815, 681, 233, 947, 110, 748, 561, 828, 639, 268, 687, 913, 771, 344, 665, 252, 987, 742, 288, 607, 652, 521, 53, 381, 549, 679, 974, 119, 61, 956, 820, 397, 720, 573, 254, 811, 297, 575, 179, 319, 426, 967, 595, 533, 301, 479, 723, 654, 712, 183, 531, 94, 861, 685, 599, 593, 508, 230, 324, 150, 62, 282, 353, 197, 27, 728, 551, 113, 979, 308, 475, 739, 417, 390, 765, 604, 958, 906, 886, 767, 677, 926, 616, 653, 369, 563, 473, 513, 411, 776, 602, 741, 433, 338, 83, 95, 138, 405, 392, 821, 372, 440, 341, 534, 756, 510, 125, 619, 81, 76, 7, 611, 191, 406, 664, 852, 588, 530, 410, 721, 846, 92, 67, 972, 851, 864, 467, 258, 826, 378, 167, 123, 213, 296, 445, 907, 948, 229, 132, 768, 888, 70, 323, 202, 898, 649, 603, 339, 72, 447, 544, 937, 682, 155, 265, 400, 474, 541, 816, 214, 576, 890, 350, 5, 221, 871, 954, 56, 356, 943, 251, 942, 977, 909, 374, 944, 976, 713, 873, 174, 775, 650, 130, 755, 481, 362, 281, 778, 736, 149, 249, 269, 385, 889, 171, 583, 146, 173, 662, 468, 103, 904, 431, 597, 853, 787, 50, 419, 25, 42, 938, 564, 204, 434, 500, 504, 879, 234, 262, 596, 637, 286, 582, 641, 373, 175, 116, 242, 502, 13, 84, 995, 28, 819, 495, 714, 259, 982, 210, 330, 570, 274, 591, 187, 115, 370, 936, 29, 163, 329, 903, 523, 238, 963, 41, 634, 64, 16, 716, 327, 844, 305, 6, 812, 868, 524, 326, 865, 464, 689, 8, 357, 706, 809, 543, 4, 690, 313, 101, 470, 290, 703, 845, 159, 164, 902, 152, 377, 579, 919, 122, 435, 850, 858, 893, 613, 309, 244, 975, 830, 626, 797, 188, 527, 651, 32, 499, 683, 719, 515, 525, 239, 842, 550, 43, 332, 632, 363, 732, 569, 949, 166, 758, 459, 18, 37, 918, 73, 883, 497, 154, 872, 518, 969, 705, 145, 388, 484, 451, 162, 980, 409, 302, 316, 674, 2, 750, 876, 928, 759, 622, 111, 136, 920, 764, 439, 169, 520, 320, 247, 763, 408, 615, 984, 631, 557, 267, 74, 761, 108, 441, 178, 559, 359, 946, 805, 184, 640, 261, 106, 989, 923, 52, 283, 80, 460, 266, 950, 211, 614, 618, 121, 782, 156, 348, 554, 512, 932, 855, 571, 711, 633, 300, 292, 457, 722, 480, 715, 678, 794, 291, 675, 620, 375, 600, 610, 275, 840, 476, 368, 328, 222, 959, 224, 925, 804, 15, 482, 318, 729, 799, 878, 671, 340, 777, 192, 962, 837, 940, 140, 780, 14, 625, 26, 867, 930, 752, 478, 880, 273, 746, 580, 55, 744, 294, 442, 396, 227, 421, 795, 366, 769, 335, 47, 774, 825, 186, 885, 785, 546, 708, 337, 181, 33, 585, 448, 383, 3, 993, 514, 986, 608, 407, 443, 939, 983, 107, 463, 86, 148, 104, 59, 791, 389, 1, 727, 790, 180, 346, 68, 709, 452, 384, 22, 617, 910, 894, 882, 0, 905, 314, 971, 17, 78, 501, 190, 854, 891, 581, 367, 915, 487, 177, 914, 970, 352, 698, 887, 398, 39, 669, 176, 453, 831, 364, 139, 567, 96, 528, 58, 784, 657, 194, 988, 912, 598, 572, 260, 486, 991, 237, 621, 491, 503, 793, 455, 999, 772, 718, 223, 245, 789, 66, 661, 280, 93, 835, 199, 131, 587, 349, 847, 807, 71, 420, 924, 126, 684, 391, 60, 69, 996, 688, 358, 228, 806, 462, 952, 19, 536, 724, 279, 757, 535, 135, 38, 700, 206, 315, 404, 312, 935, 796, 978, 547, 733, 747, 823, 382, 102, 438, 430, 627, 321, 697, 345, 753, 849, 929, 660, 808, 118, 801, 691, 609, 635, 981, 896, 471, 509, 63, 666, 667, 645, 253, 699, 532, 85, 91, 638, 413, 822, 342, 827, 322, 20, 490, 624, 114, 243, 112, 232, 829, 606, 922, 395, 401, 257, 670, 968, 680, 151, 921, 45, 48, 810, 917, 189]
r1_20,348.0274144773772,[16, 12, 9, 4, 1, 3, 2, 19, 0, 14, 18, 5, 11, 6, 8, 10, 13, 17, 15, 7]
r1_200,1261.1215510507507,[123, 125, 135, 191, 60, 150, 138, 81, 11, 171, 91, 111, 194, 96, 178, 164, 18, 0, 108, 176, 182, 133, 109, 39, 136, 56, 196, 122, 1, 159, 145, 84, 40, 44, 181, 85, 88, 168, 26, 80, 35, 86, 52, 100, 34, 157, 28, 23, 134, 102, 160, 148, 106, 184, 149, 167, 14, 142, 113, 63, 137, 115, 107, 31, 112, 61, 87, 98, 76, 59, 146, 140, 174, 37, 192, 139, 33, 3, 158, 32, 119, 180, 69, 128, 114, 19, 95, 118, 48, 38, 151, 82, 188, 90, 15, 162, 131, 58, 153, 20, 10, 143, 6, 129, 161, 57, 120, 132, 126, 29, 45, 94, 105, 22, 152, 17, 89, 62, 104, 185, 117, 127, 70, 197, 72, 68, 92, 24, 64, 8, 27, 54, 193, 166, 170, 7, 165, 116, 93, 66, 5, 73, 4, 199, 71, 75, 77, 169, 46, 103, 101, 78, 187, 179, 183, 41, 12, 154, 9, 16, 130, 189, 110, 13, 99, 155, 190, 186, 36, 50, 30, 97, 49, 2, 177, 83, 42, 172, 121, 21, 163, 43, 51, 47, 55, 25, 156, 65, 195, 67, 198, 74, 141, 144, 79, 53, 124, 147, 175, 173]
r1_50,588.3529516509842,[14, 34, 23, 15, 21, 26, 8, 5, 0, 27, 7, 49, 46, 3, 42, 13, 29, 16, 17, 12, 40, 35, 38, 41, 18, 19, 47, 28, 1, 20, 30, 6, 9, 45, 25, 4, 43, 32, 48, 31, 22, 39, 36, 44, 11, 33, 10, 37, 2, 24]
r1_500,2120.497020384957,[87, 28, 55, 243, 91, 166, 497, 432, 319, 175, 481, 176, 258, 257, 2, 89, 295, 171, 363, 443, 333, 190, 116, 353, 330, 115, 68, 151, 238, 209, 121, 366, 123, 301, 469, 85, 114, 92, 493, 213, 336, 359, 434, 72, 181, 460, 147, 384, 165, 389, 453, 403, 3, 382, 294, 178, 316, 157, 47, 154, 431, 212, 210, 226, 374, 60, 424, 174, 499, 57, 234, 285, 290, 222, 84, 36, 268, 160, 30, 318, 199, 297, 277, 404, 167, 373, 273, 34, 468, 381, 327, 459, 478, 186, 193, 364, 128, 8, 228, 96, 402, 108, 284, 241, 251, 184, 231, 272, 62, 430, 461, 202, 240, 11, 225, 387, 149, 230, 473, 314, 287, 312, 342, 162, 370, 26, 482, 448, 438, 396, 236, 278, 227, 45, 127, 135, 456, 101, 58, 256, 457, 81, 271, 93, 20, 24, 129, 51, 105, 19, 281, 413, 124, 410, 339, 73, 302, 229, 220, 352, 328, 390, 320, 365, 458, 70, 305, 170, 454, 187, 59, 401, 321, 495, 429, 78, 117, 27, 109, 299, 317, 442, 113, 119, 400, 145, 138, 247, 214, 235, 185, 203, 126, 189, 86, 182, 307, 29, 346, 0, 335, 132, 415, 204, 406, 198, 16, 489, 22, 5, 471, 274, 112, 56, 13, 65, 315, 74, 279, 306, 266, 152, 465, 436, 80, 201, 259, 82, 463, 371, 329, 439, 111, 291, 223, 103, 48, 408, 215, 477, 392, 221, 141, 289, 464, 441, 224, 416, 361, 326, 293, 69, 169, 100, 54, 395, 40, 348, 362, 355, 276, 18, 426, 292, 173, 146, 245, 233, 37, 137, 216, 412, 428, 232, 50, 310, 357, 195, 440, 246, 409, 125, 206, 449, 205, 76, 143, 43, 142, 337, 66, 492, 252, 35, 172, 425, 452, 217, 197, 90, 325, 106, 163, 192, 44, 134, 21, 354, 237, 148, 379, 324, 343, 490, 450, 488, 475, 183, 479, 308, 421, 131, 376, 200, 275, 136, 41, 393, 67, 467, 282, 334, 367, 344, 49, 188, 38, 332, 180, 159, 110, 194, 25, 340, 191, 462, 265, 94, 255, 31, 331, 356, 388, 253, 95, 447, 153, 298, 7, 399, 42, 420, 164, 32, 296, 122, 455, 358, 269, 444, 377, 411, 9, 498, 88, 491, 242, 480, 437, 144, 368, 98, 280, 345, 349, 360, 270, 267, 77, 219, 445, 417, 263, 15, 33, 179, 10, 338, 398, 383, 385, 261, 254, 397, 313, 487, 218, 380, 304, 418, 104, 161, 427, 286, 423, 1, 156, 75, 249, 12, 130, 248, 386, 369, 485, 260, 97, 4, 347, 107, 466, 158, 414, 244, 239, 46, 250, 486, 341, 470, 391, 196, 264, 472, 262, 300, 64, 83, 17, 155, 140, 394, 39, 133, 168, 14, 61, 6, 309, 496, 323, 118, 71, 378, 150, 79, 372, 53, 483, 311, 102, 407, 446, 63, 494, 375, 322, 211, 283, 52, 451, 474, 23, 208, 484, 99, 419, 207, 139, 350, 177, 120, 476, 422, 288, 351, 303, 435, 433, 405]
r2_10,-411.7017155524985,[6, 3, 4, 8, 1, 9, 5, 0, 2, 7]
r2_100,-4698.3208465574135,[14, 10, 40, 3, 52, 95, 41, 23, 16, 58, 78, 48, 32, 25, 21, 97, 18, 93, 68, 30, 75, 92, 22, 9, 27, 64, 49, 83, 34, 38, 54, 4, 46, 69, 24, 65, 73, 47, 28, 45, 67, 55, 88, 72, 31, 2, 15, 53, 44, 12, 82, 96, 63, 56, 51, 66, 71, 85, 36, 17, 37, 43, 39, 35, 8, 84, 11, 59, 19, 76, 99, 7, 89, 80, 42, 86, 61, 29, 1, 0, 5, 57, 94, 60, 50, 87, 26, 77, 90, 62, 81, 98, 70, 91, 74, 20, 79, 13, 6, 33]
r2_1000,-49201.33046133225,[978, 71, 445, 396, 698, 355, 932, 203, 811, 748, 844, 95, 643, 297, 103, 300, 465, 885, 909, 314, 810, 754, 839, 857, 397, 344, 100, 64, 973, 4, 953, 32, 168, 971, 591, 53, 669, 166, 747, 940, 186, 604, 840, 531, 934, 172, 619, 159, 984, 158, 861, 918, 415, 834, 283, 426, 94, 173, 613, 376, 672, 828, 985, 958, 284, 510, 827, 74, 569, 342, 947, 113, 146, 787, 70, 612, 107, 819, 906, 689, 286, 240, 452, 409, 600, 23, 179, 809, 433, 369, 324, 741, 586, 497, 732, 258, 231, 530, 852, 788, 927, 692, 212, 936, 178, 14, 706, 884, 325, 849, 650, 804, 398, 67, 982, 582, 210, 265, 457, 192, 365, 577, 39, 458, 735, 139, 583, 7, 759, 638, 699, 842, 124, 937, 38, 400, 551, 760, 825, 387, 63, 673, 208, 649, 889, 197, 347, 593, 751, 368, 268, 25, 456, 774, 520, 683, 253, 122, 560, 990, 736, 301, 867, 51, 196, 424, 767, 724, 202, 278, 54, 248, 42, 441, 716, 9, 503, 518, 285, 68, 429, 863, 230, 670, 454, 89, 470, 121, 806, 150, 471, 817, 558, 904, 487, 536, 507, 950, 6, 930, 35, 968, 459, 277, 126, 606, 965, 895, 821, 414, 257, 961, 451, 336, 169, 951, 281, 540, 509, 182, 684, 467, 635, 40, 615, 898, 657, 176, 163, 423, 332, 57, 991, 552, 251, 483, 573, 925, 803, 722, 362, 366, 521, 843, 127, 353, 796, 589, 82, 389, 952, 207, 963, 574, 315, 903, 624, 45, 90, 316, 907, 367, 526, 801, 702, 783, 326, 779, 628, 525, 603, 108, 237, 359, 421, 330, 246, 130, 307, 890, 148, 241, 145, 599, 524, 289, 138, 215, 915, 869, 756, 511, 319, 499, 957, 392, 717, 422, 378, 56, 972, 81, 131, 996, 155, 629, 723, 610, 462, 309, 562, 872, 274, 434, 687, 660, 180, 435, 233, 417, 587, 3, 514, 245, 276, 752, 682, 926, 119, 812, 329, 602, 979, 917, 739, 97, 770, 162, 725, 981, 935, 549, 193, 275, 109, 704, 149, 538, 472, 479, 174, 900, 226, 547, 340, 46, 617, 597, 484, 877, 320, 65, 910, 813, 216, 360, 393, 826, 480, 96, 259, 822, 198, 73, 881, 363, 697, 522, 442, 287, 794, 461, 106, 348, 639, 675, 988, 584, 430, 220, 272, 463, 651, 554, 298, 189, 271, 513, 845, 975, 976, 60, 403, 992, 891, 719, 864, 104, 785, 282, 711, 761, 701, 533, 784, 341, 482, 879, 846, 565, 105, 211, 55, 630, 154, 745, 995, 566, 498, 823, 469, 544, 76, 266, 152, 532, 740, 345, 299, 967, 279, 243, 585, 537, 475, 492, 742, 640, 75, 137, 757, 901, 86, 923, 333, 52, 79, 313, 222, 894, 956, 623, 663, 720, 379, 994, 829, 234, 371, 446, 527, 294, 946, 425, 570, 960, 496, 835, 151, 986, 16, 380, 659, 10, 239, 758, 252, 98, 214, 144, 557, 607, 488, 114, 655, 382, 645, 439, 782, 892, 596, 217, 440, 922, 622, 352, 153, 304, 594, 318, 691, 780, 588, 354, 590, 778, 980, 661, 280, 959, 305, 781, 703, 183, 390, 84, 175, 317, 337, 132, 572, 605, 753, 206, 546, 338, 21, 873, 581, 738, 302, 694, 87, 755, 407, 802, 118, 789, 401, 954, 232, 384, 444, 848, 372, 221, 310, 862, 410, 406, 30, 664, 792, 795, 24, 997, 134, 262, 548, 999, 886, 44, 335, 762, 914, 270, 343, 12, 793, 567, 850, 746, 66, 328, 575, 797, 766, 642, 204, 933, 833, 92, 115, 291, 715, 235, 116, 476, 61, 184, 323, 334, 674, 47, 72, 473, 608, 357, 117, 847, 405, 292, 993, 883, 763, 773, 771, 830, 402, 293, 798, 637, 955, 837, 78, 438, 350, 662, 69, 775, 34, 247, 331, 576, 866, 111, 260, 110, 921, 17, 453, 413, 790, 564, 878, 913, 832, 734, 1, 614, 50, 185, 464, 998, 969, 876, 142, 688, 267, 218, 194, 48, 679, 13, 786, 942, 22, 646, 383, 636, 631, 730, 561, 970, 505, 205, 312, 519, 43, 288, 948, 855, 555, 888, 135, 962, 269, 485, 652, 394, 502, 358, 161, 712, 468, 556, 416, 943, 858, 949, 244, 11, 696, 769, 799, 223, 945, 160, 818, 91, 632, 764, 377, 263, 157, 99, 201, 580, 399, 824, 633, 553, 388, 339, 200, 709, 33, 250, 899, 373, 177, 370, 187, 916, 977, 112, 420, 140, 448, 941, 924, 321, 705, 190, 598, 765, 929, 882, 349, 836, 311, 542, 19, 627, 620, 5, 296, 85, 327, 437, 931, 919, 666, 395, 364, 831, 356, 308, 147, 447, 749, 854, 902, 516, 62, 908, 486, 579, 167, 534, 841, 750, 29, 408, 273, 893, 681, 708, 939, 737, 59, 123, 865, 450, 816, 136, 665, 700, 156, 808, 529, 515, 644, 550, 477, 26, 101, 601, 595, 506, 743, 695, 721, 568, 37, 744, 385, 634, 512, 188, 195, 495, 870, 728, 351, 920, 729, 859, 592, 966, 474, 8, 777, 481, 213, 768, 191, 58, 648, 912, 726, 31, 815, 449, 375, 733, 491, 295, 501, 2, 807, 678, 658, 102, 791, 306, 851, 49, 578, 772, 418, 27, 805, 0, 374, 707, 431, 255, 238, 928, 229, 727, 460, 647, 83, 170, 713, 668, 228, 322, 346, 455, 974, 264, 381, 820, 254, 523, 261, 432, 41, 938, 88, 983, 541, 419, 411, 386, 80, 609, 164, 427, 875, 128, 125, 225, 181, 887, 856, 677, 171, 710, 897, 853, 641, 543, 256, 120, 676, 814, 671, 129, 224, 559, 654, 868, 611, 626, 493, 905, 489, 443, 500, 528, 303, 860, 680, 874, 20, 93, 199, 517, 28, 653, 490, 563, 436, 478, 539, 494, 361, 508, 838, 731, 36, 987, 504, 686, 535, 896, 685, 656, 693, 718, 133, 944, 714, 15, 18, 77, 391, 690, 571, 911, 236, 404, 242, 667, 466, 219, 165, 621, 618, 871, 209, 412, 249, 800, 290, 143, 625, 545, 964, 989, 880, 428, 141, 776, 227, 616]
r2_20,-844.2659774812848,[18, 8, 4, 9, 12, 19, 17, 13, 7, 11, 0, 10, 14, 1, 3, 5, 15, 16, 2, 6]
r2_200,-9507.44441334069,[26, 166, 175, 199, 126, 78, 162, 82, 102, 32, 151, 48, 45, 178, 182, 179, 73, 83, 76, 75, 158, 89, 29, 142, 117, 74, 14, 180, 156, 88, 152, 0, 173, 44, 148, 104, 66, 84, 181, 135, 77, 161, 100, 22, 147, 112, 155, 107, 67, 34, 160, 28, 27, 170, 153, 65, 116, 120, 41, 197, 23, 186, 51, 127, 101, 58, 55, 21, 144, 50, 164, 46, 146, 154, 98, 171, 49, 125, 54, 87, 71, 33, 196, 2, 30, 47, 69, 141, 109, 132, 119, 115, 193, 134, 81, 9, 139, 4, 94, 191, 177, 60, 6, 157, 133, 57, 185, 85, 64, 80, 3, 31, 198, 163, 43, 38, 136, 56, 20, 167, 118, 61, 95, 70, 172, 53, 145, 25, 165, 10, 17, 114, 105, 15, 19, 93, 96, 7, 8, 13, 16, 18, 97, 42, 149, 24, 189, 140, 176, 121, 62, 92, 137, 5, 128, 122, 192, 68, 169, 36, 130, 190, 113, 194, 35, 108, 129, 131, 174, 188, 79, 187, 99, 72, 124, 106, 159, 1, 111, 168, 184, 91, 52, 123, 12, 195, 39, 150, 59, 86, 63, 90, 183, 143, 11, 103, 37, 110, 40, 138]
r2_50,-2267.4612867622236,[25, 48, 35, 10, 13, 17, 18, 43, 22, 2, 5, 37, 45, 30, 3, 36, 49, 46, 14, 47, 31, 16, 23, 26, 1, 40, 4, 44, 19, 20, 32, 33, 34, 7, 28, 38, 15, 21, 41, 24, 9, 42, 11, 29, 8, 27, 12, 0, 39, 6]
r2_500,-24232.729251168228,[412, 289, 226, 304, 374, 139, 422, 437, 411, 120, 101, 149, 426, 471, 331, 448, 415, 15, 358, 0, 360, 236, 436, 329, 245, 235, 95, 220, 371, 375, 43, 353, 179, 134, 196, 468, 102, 293, 218, 221, 192, 339, 46, 9, 492, 255, 498, 224, 154, 183, 161, 113, 496, 378, 279, 258, 474, 401, 283, 287, 489, 323, 208, 419, 160, 37, 326, 193, 32, 325, 466, 60, 467, 308, 336, 398, 455, 299, 2, 125, 11, 79, 114, 451, 302, 59, 338, 408, 13, 359, 350, 280, 33, 483, 157, 152, 28, 155, 392, 457, 382, 115, 372, 215, 190, 136, 362, 313, 424, 248, 486, 497, 418, 473, 314, 406, 230, 144, 452, 187, 20, 453, 403, 103, 431, 76, 142, 128, 132, 348, 39, 487, 143, 176, 238, 438, 209, 244, 298, 200, 23, 367, 257, 305, 61, 167, 399, 361, 172, 330, 22, 77, 318, 263, 82, 47, 106, 364, 321, 416, 427, 291, 165, 306, 87, 178, 62, 297, 72, 186, 261, 163, 379, 458, 383, 444, 201, 239, 197, 262, 327, 332, 223, 413, 394, 84, 1, 173, 222, 390, 281, 495, 288, 104, 266, 423, 211, 347, 96, 116, 49, 420, 381, 397, 395, 449, 493, 122, 90, 83, 119, 53, 366, 198, 296, 386, 63, 344, 170, 414, 250, 465, 446, 237, 29, 432, 488, 118, 58, 140, 307, 396, 65, 189, 141, 12, 454, 150, 433, 31, 168, 256, 393, 346, 48, 352, 421, 70, 320, 260, 284, 34, 135, 147, 342, 175, 370, 268, 479, 184, 354, 233, 491, 123, 341, 129, 333, 162, 265, 363, 328, 461, 269, 27, 156, 337, 272, 151, 249, 225, 303, 10, 18, 232, 214, 317, 459, 270, 5, 25, 356, 71, 464, 16, 234, 171, 480, 219, 80, 271, 285, 276, 21, 247, 66, 251, 199, 4, 7, 194, 481, 494, 478, 44, 64, 376, 365, 174, 133, 410, 335, 391, 93, 191, 124, 295, 145, 463, 462, 146, 499, 470, 384, 476, 130, 460, 252, 177, 400, 240, 111, 131, 259, 472, 185, 217, 153, 485, 231, 182, 54, 126, 456, 188, 430, 74, 343, 292, 475, 148, 180, 19, 203, 377, 14, 45, 205, 490, 277, 30, 319, 274, 439, 204, 166, 264, 447, 409, 388, 387, 85, 216, 334, 273, 373, 322, 428, 110, 52, 380, 340, 349, 202, 108, 440, 138, 425, 357, 407, 181, 68, 324, 121, 290, 112, 55, 351, 67, 441, 109, 41, 294, 477, 88, 97, 38, 17, 56, 117, 355, 3, 78, 169, 92, 105, 195, 484, 127, 6, 159, 316, 51, 300, 164, 50, 405, 229, 228, 207, 310, 445, 42, 254, 98, 417, 89, 469, 443, 24, 312, 86, 227, 429, 345, 36, 40, 482, 450, 8, 404, 81, 91, 253, 73, 241, 243, 286, 137, 278, 311, 301, 210, 402, 242, 26, 99, 368, 107, 158, 369, 94, 57, 282, 275, 315, 267, 212, 100, 206, 385, 246, 69, 442, 435, 309, 434, 35, 75, 213, 389]
